Nome,Login
nome1,login1
nome28,login28
nome29,login29
nome30,login30g
nome31,login31g
nome32,login32gg
nome33,login33
nome34,login34
nome35,login35g
nome36,login36
nome37,login37g
nome190,login190g
nome191,login191
nome192,login192
nome193,login193g
nome194,login194gg
nome195,login195g
nome227,login227
nome228,login228
nome229,login229g
nome230,login230
nome231,login231
nome232,login232g
nome233,login233
nome234,login234g
nome235,login235
nome236,login236g
nome237,login237
nome298,login298g
nome299,login299
nome300,login300
